airline,day,negative_count,neutral_count,positive_count
unitedairlines,2017-10-30,33,6,4
unitedairlines,2017-10-29,44,11,8
unitedairlines,2017-10-28,14,4,8
unitedairlines,2017-10-27,33,13,12
unitedairlines,2017-10-26,32,19,11
unitedairlines,2017-10-25,36,9,11
unitedairlines,2017-10-24,51,18,8
unitedairlines,2017-10-23,63,18,17
unitedairlines,2017-10-22,33,11,3
unitedairlines,2017-10-21,42,5,10
unitedairlines,2017-10-20,53,9,3
unitedairlines,2017-10-19,73,15,9
unitedairlines,2017-10-18,55,16,12
unitedairlines,2017-10-17,50,7,8
unitedairlines,2017-10-16,28,7,4
unitedairlines,2017-10-15,35,12,6
unitedairlines,2017-10-14,25,8,4
unitedairlines,2017-10-13,26,13,4
unitedairlines,2017-10-12,45,12,5
unitedairlines,2017-10-11,27,5,9
unitedairlines,2017-10-10,32,14,8
unitedairlines,2017-10-09,55,20,7
unitedairlines,2017-10-08,32,10,12
unitedairlines,2017-10-07,28,10,7
unitedairlines,2017-10-06,27,9,4
unitedairlines,2017-10-05,26,7,6
unitedairlines,2017-10-04,31,6,9
unitedairlines,2017-10-03,24,15,10
unitedairlines,2017-10-02,42,12,6
unitedairlines,2017-10-01,23,3,3
unitedairlines,2017-09-30,22,5,7
unitedairlines,2017-09-29,28,11,13
unitedairlines,2017-09-28,48,12,7
unitedairlines,2017-09-27,26,9,9
unitedairlines,2017-09-26,27,16,12
unitedairlines,2017-09-25,36,12,7
unitedairlines,2017-09-24,43,5,10
unitedairlines,2017-09-23,28,9,7
unitedairlines,2017-09-22,29,7,6
unitedairlines,2017-09-21,59,28,10
unitedairlines,2017-09-20,28,9,13
unitedairlines,2017-09-19,37,14,5
unitedairlines,2017-09-18,49,11,8
unitedairlines,2017-09-17,44,9,6
unitedairlines,2017-09-16,28,7,7
unitedairlines,2017-09-15,36,13,7
unitedairlines,2017-09-14,38,15,10
unitedairlines,2017-09-13,54,18,9
unitedairlines,2017-09-12,40,38,9
unitedairlines,2017-09-11,52,19,8
unitedairlines,2017-09-10,33,9,8
unitedairlines,2017-09-09,37,15,9
unitedairlines,2017-09-08,101,33,8
unitedairlines,2017-09-07,141,46,18
unitedairlines,2017-09-06,105,29,15
unitedairlines,2017-09-05,47,13,6
unitedairlines,2017-09-04,45,15,9
unitedairlines,2017-09-03,21,5,6
unitedairlines,2017-09-02,22,13,8
unitedairlines,2017-09-01,38,20,7
unitedairlines,2017-08-31,52,10,6
unitedairlines,2017-08-30,46,19,12
unitedairlines,2017-08-29,61,17,12
unitedairlines,2017-08-28,61,13,14
unitedairlines,2017-08-27,34,10,7
unitedairlines,2017-08-26,43,13,13
unitedairlines,2017-08-25,53,21,8
unitedairlines,2017-08-24,35,12,2
unitedairlines,2017-08-23,46,17,4
unitedairlines,2017-08-22,42,13,6
unitedairlines,2017-08-21,52,9,8
unitedairlines,2017-08-20,36,12,4
unitedairlines,2017-08-19,31,8,2
unitedairlines,2017-08-18,70,19,14
unitedairlines,2017-08-17,40,18,9
unitedairlines,2017-08-16,32,11,6
unitedairlines,2017-08-15,66,15,5
unitedairlines,2017-08-14,37,19,14
unitedairlines,2017-08-13,36,11,4
unitedairlines,2017-08-12,27,7,6
unitedairlines,2017-08-11,50,13,7
unitedairlines,2017-08-10,49,18,10
unitedairlines,2017-08-09,53,15,3
unitedairlines,2017-08-08,58,21,10
unitedairlines,2017-08-07,62,9,5
unitedairlines,2017-08-06,50,10,5
unitedairlines,2017-08-05,50,17,4
unitedairlines,2017-08-04,119,18,10
unitedairlines,2017-08-03,115,21,12
unitedairlines,2017-08-02,69,20,6
unitedairlines,2017-08-01,59,17,15
unitedairlines,2017-07-31,41,12,15
unitedairlines,2017-07-30,37,12,9
unitedairlines,2017-07-29,44,16,11
unitedairlines,2017-07-28,51,20,13
unitedairlines,2017-07-27,67,17,15
unitedairlines,2017-07-26,71,21,19
unitedairlines,2017-07-25,58,13,7
unitedairlines,2017-07-24,77,12,12
unitedairlines,2017-07-23,75,12,9
unitedairlines,2017-07-22,69,9,6
unitedairlines,2017-07-21,61,10,7
unitedairlines,2017-07-20,52,10,12
unitedairlines,2017-07-19,70,16,10
unitedairlines,2017-07-18,89,8,8
unitedairlines,2017-07-17,93,12,14
unitedairlines,2017-07-16,86,11,14
unitedairlines,2017-07-15,155,10,8
unitedairlines,2017-07-14,89,17,9
unitedairlines,2017-07-13,122,16,7
unitedairlines,2017-07-12,84,22,6
unitedairlines,2017-07-11,102,13,14
unitedairlines,2017-07-10,150,18,8
unitedairlines,2017-07-09,65,16,11
unitedairlines,2017-07-08,85,16,10
unitedairlines,2017-07-07,178,22,17
unitedairlines,2017-07-06,606,37,21
unitedairlines,2017-07-05,204,19,10
unitedairlines,2017-07-04,60,13,11
unitedairlines,2017-07-03,51,7,5
unitedairlines,2017-07-02,56,15,18
unitedairlines,2017-07-01,78,17,7
unitedairlines,2017-06-30,133,144,35
unitedairlines,2017-06-29,70,13,12
unitedairlines,2017-06-28,87,8,15
unitedairlines,2017-06-27,99,10,10
unitedairlines,2017-06-26,45,10,8
unitedairlines,2017-06-25,62,14,11
unitedairlines,2017-06-24,68,11,11
unitedairlines,2017-06-23,98,12,14
unitedairlines,2017-06-22,116,17,15
unitedairlines,2017-06-21,119,15,17
unitedairlines,2017-06-20,112,35,14
unitedairlines,2017-06-19,128,16,13
unitedairlines,2017-06-18,123,10,9
unitedairlines,2017-06-17,79,10,8
unitedairlines,2017-06-16,122,16,23
unitedairlines,2017-06-15,196,21,17
unitedairlines,2017-06-14,202,20,19
unitedairlines,2017-06-13,79,13,10
unitedairlines,2017-06-12,53,8,9
unitedairlines,2017-06-11,70,13,5
unitedairlines,2017-06-10,48,13,12
unitedairlines,2017-06-09,71,18,13
unitedairlines,2017-06-08,86,15,8
unitedairlines,2017-06-07,86,25,12
unitedairlines,2017-06-06,80,11,18
unitedairlines,2017-06-05,74,18,10
unitedairlines,2017-06-04,75,38,14
unitedairlines,2017-06-03,59,29,14
unitedairlines,2017-06-02,45,18,9
unitedairlines,2017-06-01,82,23,15
unitedairlines,2017-05-31,91,31,19
unitedairlines,2017-05-30,113,12,21
unitedairlines,2017-05-29,65,8,12
unitedairlines,2017-05-28,60,15,13
unitedairlines,2017-05-27,50,9,13
unitedairlines,2017-05-26,113,25,20
unitedairlines,2017-05-25,100,25,19
unitedairlines,2017-05-24,94,19,20
unitedairlines,2017-05-23,51,10,16
jetblue,2017-10-30,11,4,13
jetblue,2017-10-29,11,5,7
jetblue,2017-10-28,9,5,8
jetblue,2017-10-27,16,7,10
jetblue,2017-10-26,11,5,15
jetblue,2017-10-25,20,28,18
jetblue,2017-10-24,19,9,18
jetblue,2017-10-23,12,14,13
jetblue,2017-10-22,7,6,7
jetblue,2017-10-21,13,8,10
jetblue,2017-10-20,9,6,13
jetblue,2017-10-19,23,20,9
jetblue,2017-10-18,3,7,10
jetblue,2017-10-17,7,5,16
jetblue,2017-10-16,12,10,11
jetblue,2017-10-15,9,5,11
jetblue,2017-10-14,12,8,11
jetblue,2017-10-13,9,12,24
jetblue,2017-10-12,13,5,11
jetblue,2017-10-11,9,13,9
jetblue,2017-10-10,12,15,20
jetblue,2017-10-09,19,9,10
jetblue,2017-10-08,12,4,17
jetblue,2017-10-07,5,11,11
jetblue,2017-10-06,10,6,22
jetblue,2017-10-05,9,9,14
jetblue,2017-10-04,11,9,14
jetblue,2017-10-03,17,9,9
jetblue,2017-10-02,15,6,9
jetblue,2017-10-01,7,9,11
jetblue,2017-09-30,9,11,23
jetblue,2017-09-29,22,12,20
jetblue,2017-09-28,30,19,27
jetblue,2017-09-27,21,10,23
jetblue,2017-09-26,28,18,30
jetblue,2017-09-25,16,6,20
jetblue,2017-09-24,13,9,15
jetblue,2017-09-23,10,6,12
jetblue,2017-09-22,20,21,18
jetblue,2017-09-21,5,13,16
jetblue,2017-09-20,8,10,8
jetblue,2017-09-19,17,8,16
jetblue,2017-09-18,12,8,8
jetblue,2017-09-17,12,3,8
jetblue,2017-09-16,9,3,8
jetblue,2017-09-15,11,6,17
jetblue,2017-09-14,24,7,25
jetblue,2017-09-13,14,5,20
jetblue,2017-09-12,18,15,17
jetblue,2017-09-11,8,8,8
jetblue,2017-09-10,5,7,12
jetblue,2017-09-09,38,12,26
jetblue,2017-09-08,40,15,50
jetblue,2017-09-07,100,86,155
jetblue,2017-09-06,138,85,196
jetblue,2017-09-05,23,7,11
jetblue,2017-09-04,7,4,10
jetblue,2017-09-03,7,4,10
jetblue,2017-09-02,4,4,20
jetblue,2017-09-01,8,8,17
jetblue,2017-08-31,15,8,15
jetblue,2017-08-30,10,21,9
jetblue,2017-08-29,8,4,10
jetblue,2017-08-28,16,3,12
jetblue,2017-08-27,12,5,6
jetblue,2017-08-26,13,8,14
jetblue,2017-08-25,5,13,17
jetblue,2017-08-24,10,17,12
jetblue,2017-08-23,10,5,15
jetblue,2017-08-22,21,8,13
jetblue,2017-08-21,24,8,12
jetblue,2017-08-20,17,9,12
jetblue,2017-08-19,16,6,12
jetblue,2017-08-18,17,8,17
jetblue,2017-08-17,13,9,11
jetblue,2017-08-16,7,6,13
jetblue,2017-08-15,14,10,16
jetblue,2017-08-14,10,6,7
jetblue,2017-08-13,16,3,13
jetblue,2017-08-12,12,8,24
jetblue,2017-08-11,22,10,23
jetblue,2017-08-10,16,8,27
jetblue,2017-08-09,16,7,6
jetblue,2017-08-08,17,6,25
jetblue,2017-08-07,27,12,10
jetblue,2017-08-06,18,6,6
jetblue,2017-08-05,16,5,12
jetblue,2017-08-04,22,15,18
jetblue,2017-08-03,28,9,20
jetblue,2017-08-02,36,9,24
jetblue,2017-08-01,11,7,18
jetblue,2017-07-31,18,7,12
jetblue,2017-07-30,14,2,4
jetblue,2017-07-29,12,7,16
jetblue,2017-07-28,10,5,21
jetblue,2017-07-27,12,8,15
jetblue,2017-07-26,9,8,8
jetblue,2017-07-25,17,15,17
jetblue,2017-07-24,34,18,19
jetblue,2017-07-23,13,11,10
jetblue,2017-07-22,12,7,21
jetblue,2017-07-21,18,12,17
jetblue,2017-07-20,58,14,30
jetblue,2017-07-19,55,18,37
jetblue,2017-07-18,30,14,14
jetblue,2017-07-17,33,13,16
jetblue,2017-07-16,22,11,17
jetblue,2017-07-15,20,11,17
jetblue,2017-07-14,30,10,12
jetblue,2017-07-13,48,5,7
jetblue,2017-07-12,33,4,19
jetblue,2017-07-11,25,9,13
jetblue,2017-07-10,24,3,16
jetblue,2017-07-09,11,2,5
jetblue,2017-07-08,27,2,6
jetblue,2017-07-07,17,7,17
jetblue,2017-07-06,17,9,9
jetblue,2017-07-05,14,3,12
jetblue,2017-07-04,9,5,12
jetblue,2017-07-03,11,6,14
jetblue,2017-07-02,9,2,9
jetblue,2017-07-01,26,6,12
jetblue,2017-06-30,17,5,15
jetblue,2017-06-29,24,11,15
jetblue,2017-06-28,26,3,17
jetblue,2017-06-27,15,3,11
jetblue,2017-06-26,16,2,15
jetblue,2017-06-25,22,8,16
jetblue,2017-06-24,14,8,15
jetblue,2017-06-23,18,10,34
jetblue,2017-06-22,11,5,21
jetblue,2017-06-21,37,16,9
jetblue,2017-06-20,56,31,13
jetblue,2017-06-19,43,6,34
jetblue,2017-06-18,21,1,10
jetblue,2017-06-17,13,9,16
jetblue,2017-06-16,16,20,20
jetblue,2017-06-15,32,8,22
jetblue,2017-06-14,16,22,9
jetblue,2017-06-13,23,8,10
jetblue,2017-06-12,17,12,7
jetblue,2017-06-11,8,7,12
jetblue,2017-06-10,9,7,15
jetblue,2017-06-09,10,9,17
jetblue,2017-06-08,10,3,19
jetblue,2017-06-07,21,11,17
jetblue,2017-06-06,19,10,16
jetblue,2017-06-05,17,8,17
jetblue,2017-06-04,7,9,17
jetblue,2017-06-03,5,12,16
jetblue,2017-06-02,31,20,25
jetblue,2017-06-01,31,45,26
jetblue,2017-05-31,51,57,33
jetblue,2017-05-30,24,1,9
jetblue,2017-05-29,18,2,9
jetblue,2017-05-28,11,4,6
jetblue,2017-05-27,13,4,18
jetblue,2017-05-26,61,3,7
jetblue,2017-05-25,41,5,7
jetblue,2017-05-24,11,8,30
jetblue,2017-05-23,19,13,20
jetblue,2017-05-22,25,4,34
jetblue,2017-05-21,15,4,15
jetblue,2017-05-20,7,7,23
jetblue,2017-05-19,16,6,22
jetblue,2017-05-18,16,14,20
jetblue,2017-05-17,21,7,21
jetblue,2017-05-16,20,7,30
jetblue,2017-05-15,96,16,72
jetblue,2017-05-14,134,20,89
jetblue,2017-05-13,11,4,17
jetblue,2017-05-12,21,1,16
jetblue,2017-05-11,19,1,15
jetblue,2017-05-10,14,8,19
jetblue,2017-05-09,16,8,14
jetblue,2017-05-08,8,6,10
jetblue,2017-05-07,15,3,14
jetblue,2017-05-06,15,8,22
jetblue,2017-05-05,16,9,20
jetblue,2017-05-04,18,8,23
jetblue,2017-05-03,9,8,15
jetblue,2017-05-02,28,10,13
jetblue,2017-05-01,24,3,9
jetblue,2017-04-30,7,6,6
jetblue,2017-04-29,11,7,8
jetblue,2017-04-28,15,12,48
jetblue,2017-04-27,32,12,26
jetblue,2017-04-26,13,13,27
jetblue,2017-04-25,20,15,11
jetblue,2017-04-24,14,23,20
jetblue,2017-04-23,11,9,17
jetblue,2017-04-22,18,9,15
jetblue,2017-04-21,10,16,12
jetblue,2017-04-20,8,9,10
jetblue,2017-04-19,13,9,13
jetblue,2017-04-18,11,10,17
jetblue,2017-04-17,12,20,14
jetblue,2017-04-16,9,11,16
jetblue,2017-04-15,16,12,12
jetblue,2017-04-14,8,15,15
jetblue,2017-04-13,22,16,16
jetblue,2017-04-12,41,32,22
jetblue,2017-04-11,50,27,42
jetblue,2017-04-10,57,22,40
jetblue,2017-04-09,14,14,14
jetblue,2017-04-08,13,16,15
jetblue,2017-04-07,50,17,18
jetblue,2017-04-06,36,23,22
jetblue,2017-04-05,14,22,19
jetblue,2017-04-04,16,7,20
jetblue,2017-04-03,8,8,12
jetblue,2017-04-02,9,6,12
jetblue,2017-04-01,11,6,10
jetblue,2017-03-31,23,13,9
jetblue,2017-03-30,10,14,34
jetblue,2017-03-29,10,22,10
jetblue,2017-03-28,15,5,11
jetblue,2017-03-27,9,12,16
jetblue,2017-03-26,21,5,8
jetblue,2017-03-25,4,4,7
jetblue,2017-03-24,10,7,18
jetblue,2017-03-23,7,10,23
jetblue,2017-03-22,9,6,19
jetblue,2017-03-21,5,7,17
jetblue,2017-03-20,10,5,15
jetblue,2017-03-19,12,7,4
jetblue,2017-03-18,4,6,11
jetblue,2017-03-17,8,12,14
jetblue,2017-03-16,6,8,11
jetblue,2017-03-15,11,4,8
jetblue,2017-03-14,5,5,14
jetblue,2017-03-13,8,3,17
jetblue,2017-03-12,12,9,14
jetblue,2017-03-11,13,2,10
jetblue,2017-03-10,11,12,15
jetblue,2017-03-09,3,8,19
jetblue,2017-03-08,5,8,14
jetblue,2017-03-07,6,4,10
jetblue,2017-03-06,15,4,8
jetblue,2017-03-05,6,9,8
jetblue,2017-03-04,14,8,8
jetblue,2017-03-03,10,21,10
jetblue,2017-03-02,10,8,12
jetblue,2017-03-01,17,8,12
jetblue,2017-02-28,7,13,13
jetblue,2017-02-27,9,10,8
jetblue,2017-02-26,10,5,11
jetblue,2017-02-25,9,5,16
jetblue,2017-02-24,16,6,17
jetblue,2017-02-23,14,23,12
jetblue,2017-02-22,10,5,20
jetblue,2017-02-21,11,14,20
jetblue,2017-02-20,11,11,12
jetblue,2017-02-19,8,1,4
jetblue,2017-02-18,14,16,11
jetblue,2017-02-17,17,12,10
jetblue,2017-02-16,17,6,8
jetblue,2017-02-15,12,8,10
jetblue,2017-02-14,13,20,12
jetblue,2017-02-13,15,7,20
jetblue,2017-02-12,11,6,19
jetblue,2017-02-11,16,5,17
jetblue,2017-02-10,13,15,10
jetblue,2017-02-09,8,10,15
jetblue,2017-02-08,21,8,11
jetblue,2017-02-07,13,5,11
jetblue,2017-02-06,11,9,13
jetblue,2017-02-05,8,14,11
jetblue,2017-02-04,9,2,7
jetblue,2017-02-03,9,16,10
jetblue,2017-02-02,6,8,5
jetblue,2017-02-01,10,16,9
jetblue,2017-01-31,5,6,6
jetblue,2017-01-30,10,5,18
jetblue,2017-01-29,16,5,11
jetblue,2017-01-28,7,6,9
jetblue,2017-01-27,7,6,17
jetblue,2017-01-26,15,8,9
jetblue,2017-01-25,4,11,15
jetblue,2017-01-24,10,16,20
jetblue,2017-01-23,15,8,17
jetblue,2017-01-22,15,12,19
jetblue,2017-01-21,17,8,14
jetblue,2017-01-20,16,7,13
jetblue,2017-01-19,5,13,16
jetblue,2017-01-18,13,16,18
jetblue,2017-01-17,9,14,13
jetblue,2017-01-16,11,8,13
jetblue,2017-01-15,18,7,24
jetblue,2017-01-14,16,4,17
jetblue,2017-01-13,14,12,28
jetblue,2017-01-12,25,26,56
jetblue,2017-01-11,46,30,70
jetblue,2017-01-10,24,20,17
jetblue,2017-01-09,22,8,16
jetblue,2017-01-08,32,4,21
jetblue,2017-01-07,18,5,17
jetblue,2017-01-06,19,11,15
jetblue,2017-01-05,6,13,16
jetblue,2017-01-04,24,36,20
jetblue,2017-01-03,20,5,15
jetblue,2017-01-02,14,6,15
jetblue,2017-01-01,6,5,11
virginamerica,2017-10-30,0,1,2
virginamerica,2017-10-29,0,0,1
virginamerica,2017-10-28,0,1,3
virginamerica,2017-10-27,2,4,3
virginamerica,2017-10-26,0,5,2
virginamerica,2017-10-25,0,3,5
virginamerica,2017-10-24,1,2,2
virginamerica,2017-10-23,0,0,1
virginamerica,2017-10-22,1,2,3
virginamerica,2017-10-21,3,1,2
virginamerica,2017-10-20,3,7,2
virginamerica,2017-10-19,6,4,2
virginamerica,2017-10-18,0,2,5
virginamerica,2017-10-17,1,0,1
virginamerica,2017-10-16,0,2,1
virginamerica,2017-10-15,2,1,1
virginamerica,2017-10-14,0,2,1
virginamerica,2017-10-13,0,2,3
virginamerica,2017-10-12,1,5,2
virginamerica,2017-10-11,1,6,5
virginamerica,2017-10-10,0,5,2
virginamerica,2017-10-09,2,2,0
virginamerica,2017-10-08,0,5,0
virginamerica,2017-10-07,0,4,3
virginamerica,2017-10-06,0,1,5
virginamerica,2017-10-05,0,2,4
virginamerica,2017-10-04,1,7,7
virginamerica,2017-10-03,1,4,4
virginamerica,2017-10-02,0,1,3
virginamerica,2017-10-01,0,1,4
virginamerica,2017-09-30,0,3,1
virginamerica,2017-09-29,0,1,2
virginamerica,2017-09-28,1,1,2
virginamerica,2017-09-27,0,1,0
virginamerica,2017-09-26,0,5,1
virginamerica,2017-09-25,0,3,1
virginamerica,2017-09-24,0,1,2
virginamerica,2017-09-23,0,1,2
virginamerica,2017-09-22,5,3,1
virginamerica,2017-09-21,1,2,3
virginamerica,2017-09-20,1,1,0
virginamerica,2017-09-19,0,0,2
virginamerica,2017-09-18,1,1,3
virginamerica,2017-09-17,1,3,1
virginamerica,2017-09-16,1,3,2
virginamerica,2017-09-15,2,4,3
virginamerica,2017-09-14,1,0,6
virginamerica,2017-09-13,0,1,1
virginamerica,2017-09-12,2,3,9
virginamerica,2017-09-11,0,0,2
virginamerica,2017-09-10,0,4,2
virginamerica,2017-09-09,3,4,2
virginamerica,2017-09-08,0,5,4
virginamerica,2017-09-07,1,5,1
virginamerica,2017-09-06,1,2,1
virginamerica,2017-09-05,0,4,6
virginamerica,2017-09-04,0,1,0
virginamerica,2017-09-03,2,2,2
virginamerica,2017-09-02,7,1,2
virginamerica,2017-09-01,1,2,2
virginamerica,2017-08-31,2,1,4
virginamerica,2017-08-30,0,4,2
virginamerica,2017-08-29,0,3,5
virginamerica,2017-08-28,1,4,3
virginamerica,2017-08-27,1,2,3
virginamerica,2017-08-26,0,0,2
virginamerica,2017-08-25,0,4,2
virginamerica,2017-08-24,0,4,4
virginamerica,2017-08-23,1,6,3
virginamerica,2017-08-22,1,3,5
virginamerica,2017-08-21,0,2,2
virginamerica,2017-08-20,1,3,2
virginamerica,2017-08-19,4,6,8
virginamerica,2017-08-18,1,1,4
virginamerica,2017-08-17,0,2,1
virginamerica,2017-08-16,2,3,3
virginamerica,2017-08-15,1,3,6
virginamerica,2017-08-14,0,5,4
virginamerica,2017-08-13,0,2,2
virginamerica,2017-08-12,0,1,1
virginamerica,2017-08-11,1,2,5
virginamerica,2017-08-10,3,4,3
virginamerica,2017-08-09,3,2,7
virginamerica,2017-08-08,1,1,2
virginamerica,2017-08-07,4,1,4
virginamerica,2017-08-06,1,2,3
virginamerica,2017-08-05,0,2,3
virginamerica,2017-08-04,0,3,3
virginamerica,2017-08-03,5,4,3
virginamerica,2017-08-02,1,6,3
virginamerica,2017-08-01,0,4,7
virginamerica,2017-07-31,1,11,7
virginamerica,2017-07-30,0,8,3
virginamerica,2017-07-29,1,2,4
virginamerica,2017-07-28,1,8,4
virginamerica,2017-07-27,3,3,2
virginamerica,2017-07-26,1,7,2
virginamerica,2017-07-25,3,2,4
virginamerica,2017-07-24,0,2,1
virginamerica,2017-07-23,1,1,1
virginamerica,2017-07-22,1,2,2
virginamerica,2017-07-21,0,3,2
virginamerica,2017-07-20,1,3,4
virginamerica,2017-07-19,0,5,6
virginamerica,2017-07-18,1,3,5
virginamerica,2017-07-17,2,2,1
virginamerica,2017-07-16,0,5,1
virginamerica,2017-07-15,0,3,1
virginamerica,2017-07-14,0,2,3
virginamerica,2017-07-13,2,2,8
virginamerica,2017-07-12,2,4,4
virginamerica,2017-07-11,5,6,5
virginamerica,2017-07-10,2,3,6
virginamerica,2017-07-09,0,5,1
virginamerica,2017-07-08,3,0,3
virginamerica,2017-07-07,3,3,5
virginamerica,2017-07-06,1,5,3
virginamerica,2017-07-05,1,0,3
virginamerica,2017-07-04,3,1,3
virginamerica,2017-07-03,0,1,2
virginamerica,2017-07-01,2,2,5
virginamerica,2017-06-30,0,1,3
virginamerica,2017-06-29,1,0,0
virginamerica,2017-06-28,1,1,3
virginamerica,2017-06-27,2,1,4
virginamerica,2017-06-26,6,2,7
virginamerica,2017-06-25,1,1,5
virginamerica,2017-06-24,0,4,2
virginamerica,2017-06-23,2,10,1
virginamerica,2017-06-22,0,2,2
virginamerica,2017-06-21,0,1,1
virginamerica,2017-06-20,1,6,4
virginamerica,2017-06-19,4,3,4
virginamerica,2017-06-18,0,0,1
virginamerica,2017-06-17,1,2,1
virginamerica,2017-06-16,0,4,2
virginamerica,2017-06-15,0,1,4
virginamerica,2017-06-14,1,4,5
virginamerica,2017-06-13,0,2,3
virginamerica,2017-06-12,1,2,4
virginamerica,2017-06-11,0,3,0
virginamerica,2017-06-10,1,4,1
virginamerica,2017-06-09,0,3,2
virginamerica,2017-06-08,1,2,4
virginamerica,2017-06-07,0,2,5
virginamerica,2017-06-06,0,5,3
virginamerica,2017-06-05,6,3,5
virginamerica,2017-06-04,1,0,5
virginamerica,2017-06-03,0,2,0
virginamerica,2017-06-02,0,2,2
virginamerica,2017-06-01,0,2,4
virginamerica,2017-05-31,0,5,5
virginamerica,2017-05-30,1,1,4
virginamerica,2017-05-29,1,1,4
virginamerica,2017-05-28,0,3,3
virginamerica,2017-05-27,0,6,3
virginamerica,2017-05-26,0,4,1
virginamerica,2017-05-25,2,3,5
virginamerica,2017-05-24,0,4,5
virginamerica,2017-05-23,1,2,4
virginamerica,2017-05-22,1,4,4
virginamerica,2017-05-21,3,3,3
virginamerica,2017-05-20,0,4,4
virginamerica,2017-05-19,1,2,1
virginamerica,2017-05-18,1,3,5
virginamerica,2017-05-17,1,1,2
virginamerica,2017-05-16,0,9,2
virginamerica,2017-05-15,0,1,2
virginamerica,2017-05-14,2,5,4
virginamerica,2017-05-13,2,2,4
virginamerica,2017-05-12,2,8,2
virginamerica,2017-05-11,0,2,5
virginamerica,2017-05-10,1,3,3
virginamerica,2017-05-09,0,0,1
virginamerica,2017-05-08,0,2,2
virginamerica,2017-05-07,0,4,3
virginamerica,2017-05-06,0,2,0
virginamerica,2017-05-05,0,0,2
virginamerica,2017-05-04,2,7,9
virginamerica,2017-05-03,1,4,3
virginamerica,2017-05-02,1,4,1
virginamerica,2017-05-01,2,6,4
virginamerica,2017-04-30,0,4,1
virginamerica,2017-04-29,3,4,3
virginamerica,2017-04-28,0,2,3
virginamerica,2017-04-27,1,4,10
virginamerica,2017-04-26,0,7,6
virginamerica,2017-04-25,0,6,3
virginamerica,2017-04-24,5,9,9
virginamerica,2017-04-23,6,6,8
virginamerica,2017-04-22,0,4,6
virginamerica,2017-04-21,1,2,19
virginamerica,2017-04-20,0,9,16
virginamerica,2017-04-19,2,1,3
virginamerica,2017-04-18,0,0,2
virginamerica,2017-04-17,2,6,5
virginamerica,2017-04-16,0,1,3
virginamerica,2017-04-15,0,8,0
virginamerica,2017-04-14,0,2,4
virginamerica,2017-04-13,3,3,6
virginamerica,2017-04-12,2,14,5
virginamerica,2017-04-11,2,7,16
virginamerica,2017-04-10,1,6,12
virginamerica,2017-04-09,2,1,2
virginamerica,2017-04-08,1,2,3
virginamerica,2017-04-07,1,4,1
virginamerica,2017-04-06,0,3,4
virginamerica,2017-04-05,0,4,3
virginamerica,2017-04-04,0,6,4
virginamerica,2017-04-03,2,7,7
virginamerica,2017-04-02,2,7,3
virginamerica,2017-04-01,2,9,3
virginamerica,2017-03-31,1,11,3
virginamerica,2017-03-30,1,4,7
virginamerica,2017-03-29,2,15,8
virginamerica,2017-03-28,2,9,14
virginamerica,2017-03-27,0,16,14
virginamerica,2017-03-26,0,11,9
virginamerica,2017-03-25,0,11,8
virginamerica,2017-03-24,3,34,28
virginamerica,2017-03-23,9,117,83
virginamerica,2017-03-22,0,21,13
virginamerica,2017-03-21,0,0,5
virginamerica,2017-03-20,1,5,4
virginamerica,2017-03-19,1,4,3
virginamerica,2017-03-18,0,5,2
virginamerica,2017-03-17,1,2,5
virginamerica,2017-03-16,1,2,3
virginamerica,2017-03-15,1,3,4
virginamerica,2017-03-14,0,6,5
virginamerica,2017-03-13,2,3,5
virginamerica,2017-03-12,1,5,6
virginamerica,2017-03-11,0,6,8
virginamerica,2017-03-10,1,7,3
virginamerica,2017-03-09,0,9,10
virginamerica,2017-03-08,0,8,5
virginamerica,2017-03-07,0,4,2
virginamerica,2017-03-06,2,3,3
virginamerica,2017-03-05,3,6,2
virginamerica,2017-03-04,0,4,2
virginamerica,2017-03-03,0,2,8
virginamerica,2017-03-02,0,5,1
virginamerica,2017-03-01,2,4,2
virginamerica,2017-02-28,0,4,2
virginamerica,2017-02-27,2,0,3
virginamerica,2017-02-26,0,3,3
virginamerica,2017-02-25,5,5,1
virginamerica,2017-02-24,2,5,2
virginamerica,2017-02-23,0,7,4
virginamerica,2017-02-22,0,2,3
virginamerica,2017-02-21,0,4,5
virginamerica,2017-02-20,1,4,1
virginamerica,2017-02-19,2,4,2
virginamerica,2017-02-18,1,4,3
virginamerica,2017-02-17,2,6,1
virginamerica,2017-02-16,1,4,2
virginamerica,2017-02-15,1,2,3
virginamerica,2017-02-14,0,2,3
virginamerica,2017-02-13,0,6,7
virginamerica,2017-02-12,2,2,2
virginamerica,2017-02-11,0,7,8
virginamerica,2017-02-10,5,5,2
virginamerica,2017-02-09,1,4,0
virginamerica,2017-02-08,0,4,7
virginamerica,2017-02-07,1,8,1
virginamerica,2017-02-06,0,5,2
virginamerica,2017-02-05,0,3,2
virginamerica,2017-02-04,0,2,5
virginamerica,2017-02-03,0,6,5
virginamerica,2017-02-02,0,6,5
virginamerica,2017-02-01,0,7,2
virginamerica,2017-01-31,1,3,4
virginamerica,2017-01-30,2,3,0
virginamerica,2017-01-29,1,2,2
virginamerica,2017-01-28,0,4,4
virginamerica,2017-01-27,0,6,3
virginamerica,2017-01-26,0,5,4
virginamerica,2017-01-25,0,5,3
virginamerica,2017-01-24,1,0,7
virginamerica,2017-01-23,0,1,3
virginamerica,2017-01-22,1,1,3
virginamerica,2017-01-21,1,3,3
virginamerica,2017-01-20,0,6,7
virginamerica,2017-01-19,0,1,6
virginamerica,2017-01-18,0,5,2
virginamerica,2017-01-17,0,9,2
virginamerica,2017-01-16,0,5,1
virginamerica,2017-01-15,0,4,1
virginamerica,2017-01-14,0,3,2
virginamerica,2017-01-13,0,3,5
virginamerica,2017-01-12,1,3,8
virginamerica,2017-01-11,12,8,1
virginamerica,2017-01-10,0,11,4
virginamerica,2017-01-09,0,4,1
virginamerica,2017-01-08,2,8,3
virginamerica,2017-01-07,3,9,9
virginamerica,2017-01-06,1,10,2
virginamerica,2017-01-05,0,10,1
virginamerica,2017-01-04,2,6,4
virginamerica,2017-01-03,2,5,1
virginamerica,2017-01-02,1,4,2
virginamerica,2017-01-01,2,4,2
deltaairlines,2017-10-30,11,11,3
deltaairlines,2017-10-29,13,2,9
deltaairlines,2017-10-28,9,8,3
deltaairlines,2017-10-27,10,11,6
deltaairlines,2017-10-26,6,4,3
deltaairlines,2017-10-25,3,6,3
deltaairlines,2017-10-24,2,10,5
deltaairlines,2017-10-23,10,5,6
deltaairlines,2017-10-22,8,9,3
deltaairlines,2017-10-21,5,2,1
deltaairlines,2017-10-20,6,4,3
deltaairlines,2017-10-19,15,10,5
deltaairlines,2017-10-18,7,17,4
deltaairlines,2017-10-17,31,24,3
deltaairlines,2017-10-16,10,15,8
deltaairlines,2017-10-15,12,15,7
deltaairlines,2017-10-14,13,6,4
deltaairlines,2017-10-13,13,15,6
deltaairlines,2017-10-12,10,6,2
deltaairlines,2017-10-11,3,9,2
deltaairlines,2017-10-10,6,14,4
deltaairlines,2017-10-09,11,16,5
deltaairlines,2017-10-08,6,6,10
deltaairlines,2017-10-07,7,5,5
deltaairlines,2017-10-06,8,5,3
deltaairlines,2017-10-05,6,7,2
deltaairlines,2017-10-04,12,10,1
deltaairlines,2017-10-03,5,5,2
deltaairlines,2017-10-02,2,6,4
deltaairlines,2017-10-01,43,10,7
deltaairlines,2017-09-30,11,12,9
deltaairlines,2017-09-29,7,9,4
deltaairlines,2017-09-28,15,20,4
deltaairlines,2017-09-27,12,24,7
deltaairlines,2017-09-26,13,13,11
deltaairlines,2017-09-25,18,11,6
deltaairlines,2017-09-24,3,5,3
deltaairlines,2017-09-23,9,6,6
deltaairlines,2017-09-22,12,7,9
deltaairlines,2017-09-21,47,1,4
deltaairlines,2017-09-20,12,6,7
deltaairlines,2017-09-19,11,6,2
deltaairlines,2017-09-18,5,13,2
deltaairlines,2017-09-17,15,15,2
deltaairlines,2017-09-16,7,9,5
deltaairlines,2017-09-15,14,5,2
deltaairlines,2017-09-14,7,6,2
deltaairlines,2017-09-13,19,10,4
deltaairlines,2017-09-12,11,12,9
deltaairlines,2017-09-11,19,18,7
deltaairlines,2017-09-10,9,12,5
deltaairlines,2017-09-09,11,9,12
deltaairlines,2017-09-08,29,20,18
deltaairlines,2017-09-07,50,39,37
deltaairlines,2017-09-06,63,50,20
deltaairlines,2017-09-05,24,13,9
deltaairlines,2017-09-04,14,19,6
deltaairlines,2017-09-03,11,4,0
deltaairlines,2017-09-02,2,4,3
deltaairlines,2017-09-01,16,7,3
deltaairlines,2017-08-31,18,15,3
deltaairlines,2017-08-30,9,6,3
deltaairlines,2017-08-29,10,6,4
deltaairlines,2017-08-28,37,13,8
deltaairlines,2017-08-27,14,6,4
deltaairlines,2017-08-26,6,13,6
deltaairlines,2017-08-25,7,12,4
deltaairlines,2017-08-24,13,8,6
deltaairlines,2017-08-23,21,8,2
deltaairlines,2017-08-22,18,12,4
deltaairlines,2017-08-21,10,4,6
deltaairlines,2017-08-20,7,5,3
deltaairlines,2017-08-19,7,8,6
deltaairlines,2017-08-18,5,13,3
deltaairlines,2017-08-17,9,10,2
deltaairlines,2017-08-16,10,11,7
deltaairlines,2017-08-15,4,7,1
deltaairlines,2017-08-14,18,12,4
deltaairlines,2017-08-13,8,6,3
deltaairlines,2017-08-12,4,6,3
deltaairlines,2017-08-11,6,9,9
deltaairlines,2017-08-10,7,9,4
deltaairlines,2017-08-09,8,22,6
deltaairlines,2017-08-08,11,10,2
deltaairlines,2017-08-07,23,10,7
deltaairlines,2017-08-06,23,5,6
deltaairlines,2017-08-05,9,4,5
deltaairlines,2017-08-04,21,9,5
deltaairlines,2017-08-03,25,7,4
deltaairlines,2017-08-02,22,10,9
deltaairlines,2017-08-01,16,13,3
deltaairlines,2017-07-31,19,17,9
deltaairlines,2017-07-30,20,12,6
deltaairlines,2017-07-29,14,11,4
deltaairlines,2017-07-28,30,28,9
deltaairlines,2017-07-27,20,35,11
deltaairlines,2017-07-26,32,34,14
deltaairlines,2017-07-25,40,21,13
deltaairlines,2017-07-24,19,15,10
deltaairlines,2017-07-23,17,11,7
deltaairlines,2017-07-22,30,12,7
deltaairlines,2017-07-21,24,19,5
deltaairlines,2017-07-20,9,23,4
deltaairlines,2017-07-19,22,14,14
deltaairlines,2017-07-18,67,36,22
deltaairlines,2017-07-17,149,69,71
deltaairlines,2017-07-16,86,43,45
deltaairlines,2017-07-15,21,26,11
deltaairlines,2017-07-14,25,17,16
deltaairlines,2017-07-13,31,13,9
deltaairlines,2017-07-12,47,15,8
deltaairlines,2017-07-11,43,9,6
deltaairlines,2017-07-10,28,12,16
deltaairlines,2017-07-09,24,10,18
deltaairlines,2017-07-08,46,26,19
deltaairlines,2017-07-07,38,20,28
deltaairlines,2017-07-06,20,7,13
deltaairlines,2017-07-05,12,16,6
deltaairlines,2017-07-04,11,2,2
deltaairlines,2017-07-03,5,12,4
deltaairlines,2017-07-02,30,9,8
deltaairlines,2017-07-01,24,9,5
deltaairlines,2017-06-30,8,13,7
deltaairlines,2017-06-29,17,8,15
deltaairlines,2017-06-28,8,8,8
deltaairlines,2017-06-27,14,7,2
deltaairlines,2017-06-26,14,12,6
deltaairlines,2017-06-25,9,10,4
deltaairlines,2017-06-24,33,7,7
deltaairlines,2017-06-23,15,13,9
deltaairlines,2017-06-22,20,7,13
deltaairlines,2017-06-21,13,13,5
deltaairlines,2017-06-20,34,11,6
deltaairlines,2017-06-19,12,8,6
deltaairlines,2017-06-18,19,8,7
deltaairlines,2017-06-17,16,10,4
deltaairlines,2017-06-16,33,17,12
deltaairlines,2017-06-15,23,12,12
deltaairlines,2017-06-14,38,7,4
deltaairlines,2017-06-13,41,29,13
deltaairlines,2017-06-12,88,67,37
deltaairlines,2017-06-11,67,44,30
deltaairlines,2017-06-10,11,18,8
deltaairlines,2017-06-09,8,8,8
deltaairlines,2017-06-08,16,9,9
deltaairlines,2017-06-07,15,8,13
deltaairlines,2017-06-06,21,8,9
deltaairlines,2017-06-05,17,15,9
deltaairlines,2017-06-04,24,10,11
deltaairlines,2017-06-03,17,17,6
deltaairlines,2017-06-02,22,10,13
deltaairlines,2017-06-01,19,19,8
deltaairlines,2017-05-31,19,8,10
deltaairlines,2017-05-30,26,8,21
deltaairlines,2017-05-29,14,9,9
deltaairlines,2017-05-28,23,8,7
deltaairlines,2017-05-27,31,7,6
deltaairlines,2017-05-26,30,13,6
deltaairlines,2017-05-25,37,19,11
deltaairlines,2017-05-24,40,16,11
deltaairlines,2017-05-23,18,4,8
deltaairlines,2017-05-22,32,16,2
deltaairlines,2017-05-21,44,12,15
deltaairlines,2017-05-20,35,9,11
deltaairlines,2017-05-19,34,15,13
deltaairlines,2017-05-18,43,11,18
deltaairlines,2017-05-17,21,27,10
deltaairlines,2017-05-16,18,9,11
deltaairlines,2017-05-15,31,13,9
deltaairlines,2017-05-14,12,11,11
deltaairlines,2017-05-13,14,3,9
deltaairlines,2017-05-12,27,13,13
deltaairlines,2017-05-11,27,22,7
deltaairlines,2017-05-10,20,16,14
deltaairlines,2017-05-09,56,21,13
deltaairlines,2017-05-08,52,16,10
deltaairlines,2017-05-07,69,19,12
deltaairlines,2017-05-06,163,44,22
deltaairlines,2017-05-05,758,192,75
deltaairlines,2017-05-04,635,140,75
deltaairlines,2017-05-03,26,15,14
deltaairlines,2017-05-02,34,13,8
deltaairlines,2017-05-01,49,12,11
deltaairlines,2017-04-30,65,20,12
deltaairlines,2017-04-29,46,17,22
deltaairlines,2017-04-28,97,25,19
deltaairlines,2017-04-27,169,40,28
deltaairlines,2017-04-26,29,7,9
deltaairlines,2017-04-25,31,12,10
deltaairlines,2017-04-24,27,15,15
deltaairlines,2017-04-23,33,21,10
deltaairlines,2017-04-22,35,12,13
deltaairlines,2017-04-21,33,10,9
deltaairlines,2017-04-20,33,12,10
deltaairlines,2017-04-19,13,18,4
deltaairlines,2017-04-18,26,10,12
deltaairlines,2017-04-17,34,17,6
deltaairlines,2017-04-16,12,14,7
deltaairlines,2017-04-15,34,12,4
deltaairlines,2017-04-14,47,21,12
deltaairlines,2017-04-13,50,15,20
deltaairlines,2017-04-12,50,30,13
deltaairlines,2017-04-11,90,26,24
deltaairlines,2017-04-10,86,32,19
deltaairlines,2017-04-09,69,21,10
deltaairlines,2017-04-08,266,33,15
deltaairlines,2017-04-07,333,46,22
deltaairlines,2017-04-06,260,38,12
deltaairlines,2017-04-05,50,10,9
deltaairlines,2017-04-04,17,7,2
deltaairlines,2017-04-03,17,6,2
deltaairlines,2017-04-02,11,4,1
deltaairlines,2017-04-01,17,4,5
deltaairlines,2017-03-31,13,4,6
deltaairlines,2017-03-30,12,9,7
deltaairlines,2017-03-29,8,8,9
deltaairlines,2017-03-28,16,12,8
deltaairlines,2017-03-27,21,11,5
deltaairlines,2017-03-26,6,5,3
deltaairlines,2017-03-25,5,3,3
deltaairlines,2017-03-24,8,7,4
deltaairlines,2017-03-23,7,8,6
deltaairlines,2017-03-22,8,3,1
deltaairlines,2017-03-21,7,9,5
deltaairlines,2017-03-20,12,9,3
deltaairlines,2017-03-19,16,13,8
deltaairlines,2017-03-18,7,4,4
deltaairlines,2017-03-17,14,10,9
deltaairlines,2017-03-16,23,15,10
deltaairlines,2017-03-15,15,14,12
deltaairlines,2017-03-14,19,14,6
deltaairlines,2017-03-13,18,16,7
deltaairlines,2017-03-12,14,6,2
deltaairlines,2017-03-11,9,5,1
deltaairlines,2017-03-10,18,5,2
deltaairlines,2017-03-09,16,12,9
deltaairlines,2017-03-08,5,8,11
deltaairlines,2017-03-07,8,11,5
deltaairlines,2017-03-06,11,8,6
deltaairlines,2017-03-05,9,12,9
deltaairlines,2017-03-04,9,11,6
deltaairlines,2017-03-03,8,10,5
deltaairlines,2017-03-02,13,17,13
deltaairlines,2017-03-01,19,7,10
deltaairlines,2017-02-28,10,12,4
deltaairlines,2017-02-27,9,15,4
deltaairlines,2017-02-26,15,4,7
deltaairlines,2017-02-25,21,9,7
deltaairlines,2017-02-24,21,15,12
deltaairlines,2017-02-23,14,17,11
deltaairlines,2017-02-22,9,16,8
deltaairlines,2017-02-21,18,7,5
deltaairlines,2017-02-20,17,17,9
deltaairlines,2017-02-19,4,9,10
deltaairlines,2017-02-18,25,13,9
deltaairlines,2017-02-17,17,16,7
deltaairlines,2017-02-16,24,13,9
deltaairlines,2017-02-15,8,7,12
deltaairlines,2017-02-14,9,13,7
deltaairlines,2017-02-13,4,26,1
deltaairlines,2017-02-12,27,13,5
deltaairlines,2017-02-11,8,11,3
deltaairlines,2017-02-10,19,30,15
deltaairlines,2017-02-09,16,13,14
deltaairlines,2017-02-08,7,8,4
deltaairlines,2017-02-07,11,10,5
deltaairlines,2017-02-06,10,17,4
deltaairlines,2017-02-05,10,15,11
deltaairlines,2017-02-04,15,7,3
deltaairlines,2017-02-03,8,13,6
deltaairlines,2017-02-02,8,15,4
deltaairlines,2017-02-01,14,4,3
deltaairlines,2017-01-31,19,6,5
deltaairlines,2017-01-30,69,25,10
deltaairlines,2017-01-29,142,39,10
deltaairlines,2017-01-28,8,7,10
deltaairlines,2017-01-27,13,5,5
deltaairlines,2017-01-26,8,8,7
deltaairlines,2017-01-25,10,5,6
deltaairlines,2017-01-24,16,8,7
deltaairlines,2017-01-23,45,12,9
deltaairlines,2017-01-22,29,11,9
deltaairlines,2017-01-21,22,5,7
deltaairlines,2017-01-20,11,11,9
deltaairlines,2017-01-19,14,10,12
deltaairlines,2017-01-18,23,14,6
deltaairlines,2017-01-17,21,7,1
deltaairlines,2017-01-16,13,9,9
deltaairlines,2017-01-15,7,7,14
deltaairlines,2017-01-14,16,10,6
deltaairlines,2017-01-13,29,9,7
deltaairlines,2017-01-12,27,20,5
deltaairlines,2017-01-11,21,13,7
deltaairlines,2017-01-10,19,13,7
deltaairlines,2017-01-09,42,18,15
deltaairlines,2017-01-08,69,11,6
deltaairlines,2017-01-07,63,5,11
deltaairlines,2017-01-06,30,16,7
deltaairlines,2017-01-05,26,11,7
deltaairlines,2017-01-04,31,11,9
deltaairlines,2017-01-03,18,12,10
deltaairlines,2017-01-02,22,9,3
deltaairlines,2017-01-01,27,6,2
southwestairlines,2017-10-30,8,6,21
southwestairlines,2017-10-29,8,7,23
southwestairlines,2017-10-28,14,7,40
southwestairlines,2017-10-27,13,7,54
southwestairlines,2017-10-26,1,10,35
southwestairlines,2017-10-25,4,8,33
southwestairlines,2017-10-24,5,9,26
southwestairlines,2017-10-23,11,7,34
southwestairlines,2017-10-22,7,1,31
southwestairlines,2017-10-21,3,1,32
southwestairlines,2017-10-20,5,2,40
southwestairlines,2017-10-19,7,1,35
southwestairlines,2017-10-18,6,9,58
southwestairlines,2017-10-17,8,9,34
southwestairlines,2017-10-16,5,4,34
southwestairlines,2017-10-15,7,7,32
southwestairlines,2017-10-14,4,3,25
southwestairlines,2017-10-13,1,5,33
southwestairlines,2017-10-12,12,33,44
southwestairlines,2017-10-11,9,16,65
southwestairlines,2017-10-10,16,18,50
southwestairlines,2017-10-09,8,7,33
southwestairlines,2017-10-08,11,4,58
southwestairlines,2017-10-07,9,5,53
southwestairlines,2017-10-06,12,7,62
southwestairlines,2017-10-05,27,10,52
southwestairlines,2017-10-04,7,6,52
southwestairlines,2017-10-03,9,2,43
southwestairlines,2017-10-02,9,0,43
southwestairlines,2017-10-01,10,2,43
southwestairlines,2017-09-30,10,6,66
southwestairlines,2017-09-29,17,12,64
southwestairlines,2017-09-28,60,9,84
southwestairlines,2017-09-27,72,12,118
southwestairlines,2017-09-26,2,6,45
southwestairlines,2017-09-25,9,0,46
southwestairlines,2017-09-24,15,3,45
southwestairlines,2017-09-23,8,4,52
southwestairlines,2017-09-22,4,10,41
southwestairlines,2017-09-21,7,7,44
southwestairlines,2017-09-20,10,5,46
southwestairlines,2017-09-19,5,8,43
southwestairlines,2017-09-18,7,0,48
southwestairlines,2017-09-17,4,2,37
southwestairlines,2017-09-16,11,3,39
southwestairlines,2017-09-15,11,2,35
southwestairlines,2017-09-14,7,2,45
southwestairlines,2017-09-13,4,5,60
southwestairlines,2017-09-12,5,2,36
southwestairlines,2017-09-11,5,5,34
southwestairlines,2017-09-10,3,2,33
southwestairlines,2017-09-09,9,4,44
southwestairlines,2017-09-08,27,7,76
southwestairlines,2017-09-07,8,0,35
southwestairlines,2017-09-06,5,9,45
southwestairlines,2017-09-05,10,2,19
southwestairlines,2017-09-04,2,4,24
southwestairlines,2017-09-03,2,3,23
southwestairlines,2017-09-02,4,1,21
southwestairlines,2017-09-01,12,4,37
southwestairlines,2017-08-31,3,5,21
southwestairlines,2017-08-30,7,5,33
southwestairlines,2017-08-29,9,13,58
southwestairlines,2017-08-28,9,6,54
southwestairlines,2017-08-27,13,3,38
southwestairlines,2017-08-26,8,3,22
southwestairlines,2017-08-25,7,5,30
southwestairlines,2017-08-24,5,6,30
southwestairlines,2017-08-23,10,2,32
southwestairlines,2017-08-22,9,9,49
southwestairlines,2017-08-21,9,1,30
southwestairlines,2017-08-20,4,3,16
southwestairlines,2017-08-19,6,2,23
southwestairlines,2017-08-18,12,2,22
southwestairlines,2017-08-17,4,2,13
southwestairlines,2017-08-16,10,3,15
southwestairlines,2017-08-15,6,3,26
southwestairlines,2017-08-14,13,1,26
southwestairlines,2017-08-13,5,2,24
southwestairlines,2017-08-12,7,5,20
southwestairlines,2017-08-11,13,2,29
southwestairlines,2017-08-10,15,2,46
southwestairlines,2017-08-09,19,6,22
southwestairlines,2017-08-08,9,5,30
southwestairlines,2017-08-07,5,0,18
southwestairlines,2017-08-06,12,0,24
southwestairlines,2017-08-05,24,2,25
southwestairlines,2017-08-04,25,4,37
southwestairlines,2017-08-03,15,2,34
southwestairlines,2017-08-02,6,7,22
southwestairlines,2017-08-01,5,0,28
southwestairlines,2017-07-31,5,1,26
southwestairlines,2017-07-30,2,1,21
southwestairlines,2017-07-29,2,1,21
southwestairlines,2017-07-28,5,2,28
southwestairlines,2017-07-27,6,4,35
southwestairlines,2017-07-26,6,5,41
southwestairlines,2017-07-25,11,1,27
southwestairlines,2017-07-24,4,1,21
southwestairlines,2017-07-23,15,3,27
southwestairlines,2017-07-22,13,0,25
southwestairlines,2017-07-21,23,5,25
southwestairlines,2017-07-20,15,3,38
southwestairlines,2017-07-19,9,3,38
southwestairlines,2017-07-18,12,2,22
southwestairlines,2017-07-17,15,4,42
southwestairlines,2017-07-16,6,3,30
southwestairlines,2017-07-15,9,4,35
southwestairlines,2017-07-14,13,1,50
southwestairlines,2017-07-13,12,5,40
southwestairlines,2017-07-12,9,3,38
southwestairlines,2017-07-11,13,4,35
southwestairlines,2017-07-10,10,1,41
southwestairlines,2017-07-09,2,1,29
southwestairlines,2017-07-08,1,0,23
southwestairlines,2017-07-07,9,2,27
southwestairlines,2017-07-06,2,9,39
southwestairlines,2017-07-05,4,2,24
southwestairlines,2017-07-04,7,1,26
southwestairlines,2017-07-03,6,2,31
southwestairlines,2017-07-02,4,6,34
southwestairlines,2017-07-01,7,5,25
southwestairlines,2017-06-30,10,2,36
southwestairlines,2017-06-29,9,6,39
southwestairlines,2017-06-28,14,12,35
southwestairlines,2017-06-27,6,0,28
southwestairlines,2017-06-26,7,0,31
southwestairlines,2017-06-25,3,2,21
southwestairlines,2017-06-24,7,1,27
southwestairlines,2017-06-23,13,8,33
southwestairlines,2017-06-22,19,6,26
southwestairlines,2017-06-21,6,1,36
southwestairlines,2017-06-20,16,0,39
southwestairlines,2017-06-19,30,1,39
southwestairlines,2017-06-18,5,1,32
southwestairlines,2017-06-17,8,3,15
southwestairlines,2017-06-16,28,0,24
southwestairlines,2017-06-15,12,3,22
southwestairlines,2017-06-14,11,2,18
southwestairlines,2017-06-13,9,4,27
southwestairlines,2017-06-12,2,3,22
southwestairlines,2017-06-11,3,3,15
southwestairlines,2017-06-10,9,1,19
southwestairlines,2017-06-09,12,3,37
southwestairlines,2017-06-08,12,6,17
southwestairlines,2017-06-07,11,4,28
southwestairlines,2017-06-06,4,6,30
southwestairlines,2017-06-05,4,0,18
southwestairlines,2017-06-04,1,1,16
southwestairlines,2017-06-03,7,3,11
southwestairlines,2017-06-02,4,0,12
southwestairlines,2017-06-01,7,0,10
southwestairlines,2017-05-31,4,0,31
southwestairlines,2017-05-30,6,4,35
southwestairlines,2017-05-29,3,0,19
southwestairlines,2017-05-28,6,1,13
southwestairlines,2017-05-27,9,2,15
southwestairlines,2017-05-26,11,4,21
southwestairlines,2017-05-25,19,3,38
southwestairlines,2017-05-24,24,5,37
southwestairlines,2017-05-23,13,4,33
southwestairlines,2017-05-22,15,2,26
southwestairlines,2017-05-21,10,5,17
southwestairlines,2017-05-20,6,1,25
southwestairlines,2017-05-19,17,1,19
southwestairlines,2017-05-18,9,8,25
southwestairlines,2017-05-17,5,3,36
southwestairlines,2017-05-16,4,1,24
southwestairlines,2017-05-15,12,1,25
southwestairlines,2017-05-14,9,2,28
southwestairlines,2017-05-13,7,0,24
southwestairlines,2017-05-12,15,3,29
southwestairlines,2017-05-11,36,4,62
southwestairlines,2017-05-10,36,14,88
southwestairlines,2017-05-09,22,2,39
southwestairlines,2017-05-08,9,3,54
southwestairlines,2017-05-07,9,0,25
southwestairlines,2017-05-06,3,1,20
southwestairlines,2017-05-05,26,4,48
southwestairlines,2017-05-04,17,8,62
southwestairlines,2017-05-03,4,4,21
southwestairlines,2017-05-02,10,3,34
southwestairlines,2017-05-01,11,1,24
southwestairlines,2017-04-30,14,3,30
southwestairlines,2017-04-29,10,5,19
southwestairlines,2017-04-28,19,3,43
southwestairlines,2017-04-27,28,4,53
southwestairlines,2017-04-26,10,3,32
southwestairlines,2017-04-25,7,3,23
southwestairlines,2017-04-24,9,3,23
southwestairlines,2017-04-23,11,2,31
southwestairlines,2017-04-22,15,3,36
southwestairlines,2017-04-21,8,0,35
southwestairlines,2017-04-20,11,2,35
southwestairlines,2017-04-19,9,3,28
southwestairlines,2017-04-18,13,1,28
southwestairlines,2017-04-17,16,6,33
southwestairlines,2017-04-16,8,0,24
southwestairlines,2017-04-15,10,0,37
southwestairlines,2017-04-14,9,1,27
southwestairlines,2017-04-13,15,3,68
southwestairlines,2017-04-12,44,6,176
southwestairlines,2017-04-11,90,18,439
southwestairlines,2017-04-10,50,2,169
southwestairlines,2017-04-09,3,0,17
southwestairlines,2017-04-08,12,2,25
southwestairlines,2017-04-07,13,3,32
southwestairlines,2017-04-06,6,2,16
southwestairlines,2017-04-05,3,0,16
southwestairlines,2017-04-04,2,2,12
southwestairlines,2017-04-03,2,4,14
southwestairlines,2017-04-02,4,0,6
southwestairlines,2017-04-01,1,0,17
southwestairlines,2017-03-31,3,1,15
southwestairlines,2017-03-30,6,1,12
southwestairlines,2017-03-29,3,1,22
southwestairlines,2017-03-28,5,2,13
southwestairlines,2017-03-27,1,1,15
southwestairlines,2017-03-26,1,2,11
southwestairlines,2017-03-25,2,0,15
southwestairlines,2017-03-24,2,2,15
southwestairlines,2017-03-23,6,4,15
southwestairlines,2017-03-22,3,0,21
southwestairlines,2017-03-21,5,4,15
southwestairlines,2017-03-20,2,1,14
southwestairlines,2017-03-19,2,4,17
southwestairlines,2017-03-18,3,0,10
southwestairlines,2017-03-17,1,3,17
southwestairlines,2017-03-16,4,2,26
southwestairlines,2017-03-15,5,0,17
southwestairlines,2017-03-14,12,3,11
southwestairlines,2017-03-13,23,6,22
southwestairlines,2017-03-12,6,3,11
southwestairlines,2017-03-11,7,4,14
southwestairlines,2017-03-10,6,8,23
southwestairlines,2017-03-09,4,2,21
southwestairlines,2017-03-08,3,2,15
southwestairlines,2017-03-07,1,6,5
southwestairlines,2017-03-06,3,4,23
southwestairlines,2017-03-05,7,4,15
southwestairlines,2017-03-04,2,0,10
southwestairlines,2017-03-03,6,1,28
southwestairlines,2017-03-02,10,4,31
southwestairlines,2017-03-01,2,4,16
southwestairlines,2017-02-28,4,1,14
southwestairlines,2017-02-27,8,6,24
southwestairlines,2017-02-26,7,0,6
southwestairlines,2017-02-25,5,1,15
southwestairlines,2017-02-24,2,3,32
southwestairlines,2017-02-23,9,4,29
southwestairlines,2017-02-22,4,2,18
southwestairlines,2017-02-21,3,4,26
southwestairlines,2017-02-20,2,0,12
southwestairlines,2017-02-19,7,1,10
